contact_KEY,update__staff_KEY,update_date_utc,name,company,title,salutation,url,phone_position,address_position,email_position,primary__contact_phone_type_KEY,primary__contact_address_type_KEY,mailing__contact_address_type_KEY,contact_type_KEY,contact_type__description,file_as,contact_guid,primary__contact_email_type_KEY,contact_id,contact_id_sortable,description,contact_status_KEY,client_KEY,staff_KEY,office_KEY,staff__office_KEY,client__office_KEY,portal_user_KEY,primary__contact_address__city,primary__contact_address__state_abbreviation,primary__contact_address__postal_code,mailing__contact_address__city,mailing__contact_address__state_abbreviation,mailing__contact_address__postal_code,is_primary_contact,is_preferred_contact,is_billing_contact,is_additional_contact,preferred_locale,time_zone_KEY,digita_entityid,digita_metadata
1,61,07/06/2022,PeakPinnacle Bank,,,,,,,,1,1,1,1,Client,PeakPinnacle Bank,81317043398,1,50021239549,50021239549                              `,PeakPinnacle Bank,1,25,,,,1,,Frostpeak,ID,84750,Frostpeak,ID,84750,TRUE,TRUE,TRUE,FALSE,en-US,0,,
2,61,12/23/2019,EcoYield Solutions,,,,,,,,1,1,1,1,Client,EcoYield Solutions,65414375582,1,71134502518,71134502518                              `,EcoYield Solutions,1,15,,,,1,,Frostpeak,ID,84750,Frostpeak,ID,84750,TRUE,TRUE,TRUE,FALSE,en-US,0,,
3,61,02/17/2020,BeaconBridge Banking,,,,,,,,1,1,1,1,Client,BeaconBridge Banking,91894479621,1,87638798864,87638798864                              `,BeaconBridge Banking,1,18,,,,1,,Mount Vista,ID,83310,Mount Vista,ID,83310,TRUE,TRUE,TRUE,FALSE,en-US,0,,
4,61,02/17/2020,BrightHorizon Enterprises,,,,,,,,1,1,1,1,Client,BrightHorizon Enterprises,15649957497,1,24675881194,24675881194                              `,BrightHorizon Enterprises,1,19,,,,1,,Mount Vista,ID,83310,Mount Vista,ID,83310,TRUE,TRUE,TRUE,FALSE,en-US,0,,
5,61,02/16/2022,InfinityItems Retail,,,,,,,,1,1,1,1,Client,InfinityItems Retail,22202270998,1,84072097492,84072097492                              `,InfinityItems Retail,1,22,,,,1,,Emerald Meadows,ID,84070,Emerald Meadows,ID,84070,TRUE,TRUE,TRUE,FALSE,en-US,0,,
6,61,02/18/2019,BrightFutures Finance,,,,,,,,1,1,1,1,Client,BrightFutures Finance,70099658518,1,13246586678,13246586678                              `,BrightFutures Finance,1,23,,,,3,,Pacifica Bluffs,OR,83420,Pacifica Bluffs,OR,83420,TRUE,TRUE,TRUE,FALSE,en-US,0,,
7,61,03/28/2023,BalanceBeam Financials,,,,,,,,1,1,1,1,Client,BalanceBeam Financials,74692235601,1,36709121033,36709121033                              `,BalanceBeam Financials,1,27,,,,1,,Frostpeak,ID,84750,Frostpeak,ID,84750,TRUE,TRUE,TRUE,FALSE,en-US,0,,
8,108,01/08/2020,FarmForward Innovations,,,,,,,,1,1,1,1,Client,FarmForward Innovations,46400130821,1,71012721973,71012721973                              `,FarmForward Innovations,1,17,,,,1,,Emerald Meadows,ID,84070,Emerald Meadows,ID,84070,TRUE,TRUE,TRUE,FALSE,en-US,0,,
9,108,01/08/2020,ClearCut Calculations,,,,,,,,1,1,1,1,Client,ClearCut Calculations,45004440657,1,16664823912,16664823912                              `,ClearCut Calculations,1,16,,,,1,,Emerald Meadows,ID,84070,Emerald Meadows,ID,84070,TRUE,TRUE,TRUE,FALSE,en-US,0,,
10,50,03/25/2016,UrbanTrend Retailers,,,,,,,,1,1,1,1,Client,UrbanTrend Retailers,11770139653,1,83911457472,83911457472                              `,UrbanTrend Retailers,1,8,,,,2,,Crystal Lake,WA,83190,Crystal Lake,WA,83190,TRUE,TRUE,TRUE,FALSE,en-US,0,,
11,61,02/15/2021,FreshFinds Marketplace,,,,,,,,1,1,1,1,Client,FreshFinds Marketplace,94979682915,1,62121095415,62121095415                              `,FreshFinds Marketplace,1,9,,,,3,,Pacifica Bluffs,OR,83420,Pacifica Bluffs,OR,83420,TRUE,TRUE,TRUE,FALSE,en-US,0,,
12,61,02/14/2019,InsightfulAccounts,,,,,,,,1,1,1,1,Client,InsightfulAccounts,68278716655,1,59460307067,59460307067                              `,InsightfulAccounts,1,21,,,,3,,,,,,,,TRUE,TRUE,TRUE,FALSE,en-US,0,,
13,61,09/30/2015,TrustTide Banking,,,,,,,,1,1,1,1,Client,TrustTide Banking,94836077585,1,78814125750,78814125750                              `,TrustTide Banking,1,11,,,,2,,Crystal Lake,WA,83190,Crystal Lake,WA,83190,TRUE,TRUE,TRUE,FALSE,en-US,0,,
14,61,08/08/2023,GreenSprout Ventures,,,,,1;2;7;5;4;5;6;,,,1,1,1,1,Client,GreenSprout Ventures,63760762588,1,36360849289,36360849289                              `,GreenSprout Ventures,1,20,,,,3,,Pacifica Bluffs,OR,83420,Pacifica Bluffs,OR,83420,TRUE,TRUE,TRUE,FALSE,en-US,0,,
15,102,01/18/2020,WealthWave Advisors,,,,,1;2;7;3;4;,,,1,1,1,1,Client,WealthWave Advisors,51396921295,1,26452983376,26452983376                              `,WealthWave Advisors,1,4,,,,1,,Whispering Pines,ID,84660,Whispering Pines,ID,84660,TRUE,TRUE,TRUE,FALSE,en-US,0,,
16,61,12/22/2022,LedgerLogic Accounting,,,,,7;5;4;3;4;5;6;,,,1,1,1,1,Client,LedgerLogic Accounting,23088193765,1,72628013453,72628013453                              `,LedgerLogic Accounting,1,1,,,,1,,Whispering Pines,ID,84660,Whispering Pines,ID,84660,TRUE,TRUE,TRUE,FALSE,en-US,0,,
17,61,09/30/2021,SeedlingSuccess Agritech,,,,,1;7;2;5;4;5;6;,,2;,1,1,1,1,Client,SeedlingSuccess Agritech,61490475805,1,99000530415,99000530415                              `,SeedlingSuccess Agritech,1,3,,,,1,,Riverwood,ID,83020,Riverwood,ID,83020,TRUE,TRUE,TRUE,FALSE,en-US,0,,
18,61,09/29/2021,HarvestHive AgriBusiness,,,,,1;2;3;5;5;6;7;,,,1,1,1,1,Client,HarvestHive AgriBusiness,53888415090,1,72871386173,72871386173                              `,HarvestHive AgriBusiness,1,7,,,,1,,Riverwood,ID,83020,Riverwood,ID,83020,TRUE,TRUE,TRUE,FALSE,en-US,0,,
19,61,05/31/2018,SummitStone Financial,,,,,1;2;4;5;6;3;7;,,,1,1,1,1,Client,SummitStone Financial,26000398246,1,82936241162,82936241162                              `,SummitStone Financial,1,10,,,,1,,Riverwood,ID,83020,Riverwood,ID,83020,TRUE,TRUE,TRUE,FALSE,en-US,0,,
20,61,08/23/2022,NextGen Wealth Management,,,,,1;2;4;5;6;3;7;,,,1,1,1,1,Client,NextGen Wealth Management,24341572582,1,14549923459,14549923459                              `,NextGen Wealth Management,1,24,,,,1,,Riverwood,ID,83020,Riverwood,ID,83020,TRUE,TRUE,TRUE,FALSE,en-US,0,,
21,61,09/30/2021,HorizonBank Corp,,,,,1;2;3;4;5;,,,1,1,1,1,Client,HorizonBank Corp,30279960570,1,55289528268,55289528268                              `,HorizonBank Corp,1,5,,,,1,,Riverwood,ID,83020,Riverwood,ID,83020,TRUE,TRUE,TRUE,FALSE,en-US,0,,
22,61,09/30/2021,MarketMingle Stores,,,,,1;2;3;4;5;6;7;,,,1,1,1,1,Client,MarketMingle Stores,41156615280,1,63055546466,63055546466                              `,MarketMingle Stores,1,6,,,,1,,Riverwood,ID,83020,Riverwood,ID,83020,TRUE,TRUE,TRUE,FALSE,en-US,0,,
25,61,07/10/2023,"Jimenez, Peggy",,,,,,,2;,1,1,1,2,Staff,"Jimenez, Peggy",54443842772,1,64736839030,64736839030                              `,"Jimenez, Peggy",1,,77,,1,,,Emerald Meadows,ID,83310,Emerald Meadows,ID,83310,TRUE,TRUE,TRUE,FALSE,en-US,0,,
28,61,04/05/2023,"Tran, Osian",Industry Advisors,Manager,,,,,,1,1,1,2,Staff,"Tran, Osian",28873375139,1,51960182497,51960182497                              `,"Tran, Osian",1,,104,,1,,,Whispering Pines,ID,84070,Whispering Pines,ID,84070,TRUE,TRUE,TRUE,FALSE,en-US,0,,
29,61,05/19/2016,"Rios, Nate",,,,,,,,1,1,1,2,Staff,"Rios, Nate",78687942303,1,52270452489,52270452489                              `,"Rios, Nate",1,,57,,3,,,Pacifica Bluffs,OR,83420,Pacifica Bluffs,OR,83420,TRUE,TRUE,TRUE,FALSE,en-US,0,,
37,61,11/09/2023,"Taylor, Stevie",Industry Advisors,Partner,,,,,,1,1,1,2,Staff,"Taylor, Stevie",40052693222,1,77133096061,77133096061                              `,"Taylor, Stevie",1,,56,,2,,,Crystal Lake,WA,83190,Crystal Lake,WA,83190,TRUE,TRUE,TRUE,FALSE,en-US,0,,
42,61,04/26/2023,"Benton, Shannon",,,,,,,,1,1,1,2,Staff,"Benton, Shannon",59553936145,1,36400311067,36400311067                              `,"Benton, Shannon",1,,88,,1,,,Emerald Meadows,ID,84070,Emerald Meadows,ID,84070,TRUE,TRUE,TRUE,FALSE,en-US,0,,
44,61,12/27/2021,"Lester, Floyd",Industry Advisors,Staff,,,,,,1,1,1,2,Staff,"Lester, Floyd",85948510991,1,78998132658,78998132658                              `,"Lester, Floyd",1,,66,,1,,,Whispering Pines,ID,83310,Whispering Pines,ID,83310,TRUE,TRUE,TRUE,FALSE,en-US,0,,
45,61,12/05/2018,"Camacho, Phyllis",Industry Advisors,Partner,,,,,,1,1,1,2,Staff,"Camacho, Phyllis",82985901490,1,43253351695,43253351695                              `,"Camacho, Phyllis",1,,14,,1,,,Riverwood,ID,83310,Riverwood,ID,83310,TRUE,TRUE,TRUE,FALSE,en-US,0,,
46,61,05/16/2019,"Mcclure, Cerys",,,,,,,2;,1,1,1,2,Staff,"Mcclure, Cerys",91021891996,1,18671325425,18671325425                              `,"Mcclure, Cerys",1,,17,,1,,,Whispering Pines,ID,84070,Whispering Pines,ID,84070,TRUE,TRUE,TRUE,FALSE,en-US,0,,
50,61,12/19/2019,"Mcdaniel, Ella-Louise",Industry Advisors,Partner,,,,,2;,1,1,1,2,Staff,"Mcdaniel, Ella-Louise",15449826265,1,21857131026,21857131026                              `,"Mcdaniel, Ella-Louise",1,,19,,1,,,Frostpeak,ID,83020,Frostpeak,ID,83020,TRUE,TRUE,TRUE,FALSE,en-US,0,,
53,61,05/03/2023,"Slater, Karim",Industry Advisors,Manager,,,,,,1,1,1,2,Staff,"Slater, Karim",80310943427,1,74467750141,74467750141                              `,"Slater, Karim",1,,133,,1,,,Emerald Meadows,ID,83310,Emerald Meadows,ID,83310,TRUE,TRUE,TRUE,FALSE,en-US,0,,
55,61,05/20/2021,"Oliver, Jacqueline",Industry Advisors,Partner,,,,,,1,1,1,2,Staff,"Oliver, Jacqueline",92036307247,1,99350290392,99350290392                              `,"Oliver, Jacqueline",1,,89,,1,,,Frostpeak,ID,84070,Frostpeak,ID,84070,TRUE,TRUE,TRUE,FALSE,en-US,0,,
63,61,04/26/2023,"Mccarthy, Cara",Industry Advisors,Staff Member,,,,,,1,1,1,2,Staff,"Mccarthy, Cara",94926198916,1,89935356104,89935356104                              `,"Mccarthy, Cara",1,,128,,1,,,Whispering Pines,ID,84070,Whispering Pines,ID,84070,TRUE,TRUE,TRUE,FALSE,en-US,0,,
66,61,01/19/2022,"Connolly, Stacey",Industry Advisors,Staff,,,,,,1,1,1,2,Staff,"Connolly, Stacey",47616430144,1,45568416856,45568416856                              `,"Connolly, Stacey",1,,38,,1,,,Whispering Pines,ID,83020,Whispering Pines,ID,83020,TRUE,TRUE,TRUE,FALSE,en-US,0,,
67,61,09/15/2022,"Cabrera, Jan",Industry Advisors,Staff Member,,,,,,1,1,1,2,Staff,"Cabrera, Jan",57016597030,1,40442598485,40442598485                              `,"Cabrera, Jan",1,,110,,1,,,Whispering Pines,ID,83020,Whispering Pines,ID,83020,TRUE,TRUE,TRUE,FALSE,en-US,0,,
69,61,04/26/2023,"Hatfield, George",,,,,,,,1,1,1,2,Staff,"Hatfield, George",28842316366,1,15982991081,15982991081                              `,"Hatfield, George",1,,91,,1,,,Frostpeak,ID,84070,Frostpeak,ID,84070,TRUE,TRUE,TRUE,FALSE,en-US,0,,
70,61,04/26/2023,"Atkinson, Bushra",Industry Advisors,Associate,,,,,,1,1,1,2,Staff,"Atkinson, Bushra",78600585332,1,46757842097,46757842097                              `,"Atkinson, Bushra",1,,116,,2,,,Crystal Lake,WA,83190,Crystal Lake,WA,83190,TRUE,TRUE,TRUE,FALSE,en-US,0,,
73,61,08/14/2023,"Koch, Amin",Industry Advisors,Staff,,,,,,1,1,1,2,Staff,"Koch, Amin",64179371656,1,79960663511,79960663511                              `,"Koch, Amin",1,,99,,1,,,Frostpeak,ID,84070,Frostpeak,ID,84070,TRUE,TRUE,TRUE,FALSE,en-US,0,,
77,61,01/27/2023,"Osborn, Minnie",,,,,,,,1,1,1,2,Staff,"Osborn, Minnie",91618087942,1,37417180315,37417180315                              `,"Osborn, Minnie",1,,45,,1,,,Frostpeak,ID,84660,Frostpeak,ID,84660,TRUE,TRUE,TRUE,FALSE,en-US,0,,
80,61,04/26/2023,"Duffy, Julian",Industry Advisors,Manager,,,,,,1,1,1,2,Staff,"Duffy, Julian",13614720760,1,89853912102,89853912102                              `,"Duffy, Julian",1,,120,,1,,,Frostpeak,ID,84660,Frostpeak,ID,84660,TRUE,TRUE,TRUE,FALSE,en-US,0,,
84,61,09/01/2022,"Chandler, Cain",,,,,,,,1,1,1,2,Staff,"Chandler, Cain",55926707720,1,14934322331,14934322331                              `,"Chandler, Cain",1,,41,,1,,,Emerald Meadows,ID,84070,Emerald Meadows,ID,84070,TRUE,TRUE,TRUE,FALSE,en-US,0,,
85,61,04/26/2023,"Olson, Bushra",,,,,,,,1,1,1,2,Staff,"Olson, Bushra",92342818350,1,81234193116,81234193116                              `,"Olson, Bushra",1,,67,,1,,,Riverwood,ID,84660,Riverwood,ID,84660,TRUE,TRUE,TRUE,FALSE,en-US,0,,
89,61,04/25/2023,"Gaines, Ajay",,,,,,,,1,1,1,2,Staff,"Gaines, Ajay",60707799344,1,40944430939,40944430939                              `,"Gaines, Ajay",1,,144,,1,,,Emerald Meadows,ID,83020,Emerald Meadows,ID,83020,TRUE,TRUE,TRUE,FALSE,en-US,0,,
95,61,12/28/2023,"Gomez, Jacqueline",,,,,,,,1,1,1,2,Staff,"Gomez, Jacqueline",81470271871,1,87303732496,87303732496                              `,"Gomez, Jacqueline",1,,150,,1,,,Frostpeak,ID,83310,Frostpeak,ID,83310,TRUE,TRUE,TRUE,FALSE,en-US,0,,
98,61,12/13/2021,"Baker, Lennon",,,,,,,,1,1,1,2,Staff,"Baker, Lennon",16576919242,1,33548153754,33548153754                              `,"Baker, Lennon",1,,32,,1,,,Frostpeak,ID,84660,Frostpeak,ID,84660,TRUE,TRUE,TRUE,FALSE,en-US,0,,
100,61,12/27/2021,"Morrow, Jaydon",,,,,,,,1,1,1,2,Staff,"Morrow, Jaydon",92403803234,1,23791167190,23791167190                              `,"Morrow, Jaydon",1,,35,,2,,,Crystal Lake,WA,83190,Crystal Lake,WA,83190,TRUE,TRUE,TRUE,FALSE,en-US,0,,
101,61,12/27/2021,"Robertson, Lula",Industry Advisors,Manager,,,,,,1,1,1,2,Staff,"Robertson, Lula",80868808571,1,37983907090,37983907090                              `,"Robertson, Lula",1,,36,,1,,,Frostpeak,ID,84750,Frostpeak,ID,84750,TRUE,TRUE,TRUE,FALSE,en-US,0,,
102,61,02/21/2024,"Weaver, Mathew",,,,,,,,1,1,1,2,Staff,"Weaver, Mathew",88055878849,1,75788475679,75788475679                              `,"Weaver, Mathew",1,,129,,1,,,Frostpeak,ID,84660,Frostpeak,ID,84660,TRUE,TRUE,TRUE,FALSE,en-US,0,,
103,61,01/14/2022,"Blankenship, Aimee",Industry Advisors,Associate,,,,,,1,1,1,2,Staff,"Blankenship, Aimee",26267007651,1,32155562891,32155562891                              `,"Blankenship, Aimee",1,,131,,1,,,Mount Vista,ID,83310,Mount Vista,ID,83310,TRUE,TRUE,TRUE,FALSE,en-US,0,,
104,61,04/26/2023,"Harrington, John",,,,,,,,1,1,1,2,Staff,"Harrington, John",79976092624,1,52252318047,52252318047                              `,"Harrington, John",1,,40,,2,,,Crystal Lake,WA,83190,Crystal Lake,WA,83190,TRUE,TRUE,TRUE,FALSE,en-US,0,,
105,61,04/26/2023,"Brooks, Janet",Industry Advisors,Manager,,,,,,1,1,1,2,Staff,"Brooks, Janet",29620094709,1,20245443232,20245443232                              `,"Brooks, Janet",1,,135,,2,,,Crystal Lake,WA,83190,Crystal Lake,WA,83190,TRUE,TRUE,TRUE,FALSE,en-US,0,,
107,61,12/21/2023,"Dale, Patricia",Industry Advisors,Staff,,,,,,1,1,1,2,Staff,"Dale, Patricia",17985570800,1,77829730043,77829730043                              `,"Dale, Patricia",1,,147,,1,,,Riverwood,ID,84750,Riverwood,ID,84750,TRUE,TRUE,TRUE,FALSE,en-US,0,,
110,61,06/13/2014,"Kramer, Kabir",Industry Advisors,Associate,,,,,,1,1,1,2,Staff,"Kramer, Kabir",85157056691,1,92728864199,92728864199                              `,"Kramer, Kabir",1,,54,,1,,,Riverwood,ID,83020,Riverwood,ID,83020,TRUE,TRUE,TRUE,FALSE,en-US,0,,
111,61,01/10/2023,"Daniel, Iris",,,,,,,2;,1,1,1,2,Staff,"Daniel, Iris",72090910465,1,33200621421,33200621421                              `,"Daniel, Iris",1,,55,,1,,,Riverwood,ID,84750,Riverwood,ID,84750,TRUE,TRUE,TRUE,FALSE,en-US,0,,
113,61,04/26/2023,"Brewer, Bryan",Industry Advisors,Staff,,,,,,1,1,1,2,Staff,"Brewer, Bryan",64908405304,1,44589844315,44589844315                              `,"Brewer, Bryan",1,,109,,1,,,Emerald Meadows,ID,84070,Emerald Meadows,ID,84070,TRUE,TRUE,TRUE,FALSE,en-US,0,,
115,61,12/05/2022,"Sears, Jan",,,,,,,2;,1,1,1,2,Staff,"Sears, Jan",41086939920,1,55312659688,55312659688                              `,"Sears, Jan",1,,64,,1,,,Whispering Pines,ID,84660,Whispering Pines,ID,84660,TRUE,TRUE,TRUE,FALSE,en-US,0,,
116,61,04/05/2023,"Farrell, Archie",,,,,,,,1,1,1,2,Staff,"Farrell, Archie",35155296164,1,25703690029,25703690029                              `,"Farrell, Archie",1,,115,,2,,,Crystal Lake,WA,83190,Crystal Lake,WA,83190,TRUE,TRUE,TRUE,FALSE,en-US,0,,
117,61,04/29/2020,"Molina, William",,,,,,,2;,1,1,1,2,Staff,"Molina, William",62506785279,1,60117337417,60117337417                              `,"Molina, William",1,,21,,1,,,Mount Vista,ID,84750,Mount Vista,ID,84750,TRUE,TRUE,TRUE,FALSE,en-US,0,,
120,61,04/26/2023,"Ward, Jaime",,,,,,,,1,1,1,2,Staff,"Ward, Jaime",87603348526,1,96532901963,96532901963                              `,"Ward, Jaime",1,,76,,1,,,Whispering Pines,ID,83310,Whispering Pines,ID,83310,TRUE,TRUE,TRUE,FALSE,en-US,0,,
121,61,09/21/2020,"Reynolds, Fred",,,,,,,,1,1,1,2,Staff,"Reynolds, Fred",18295924181,1,77144057810,77144057810                              `,"Reynolds, Fred",1,,60,,1,,,Mount Vista,ID,84660,Mount Vista,ID,84660,TRUE,TRUE,TRUE,FALSE,en-US,0,,
122,61,01/06/2021,"Green, Martin",,,,,,,,1,1,1,2,Staff,"Green, Martin",92870109769,1,86802504408,86802504408                              `,"Green, Martin",1,,27,,1,,,Emerald Meadows,ID,83020,Emerald Meadows,ID,83020,TRUE,TRUE,TRUE,FALSE,en-US,0,,
124,61,12/28/2021,"Taylor, Diane",,,,,,,,1,1,1,2,Staff,"Taylor, Diane",33483486588,1,63978555817,63978555817                              `,"Taylor, Diane",1,,130,,1,,,Frostpeak,ID,84660,Frostpeak,ID,84660,TRUE,TRUE,TRUE,FALSE,en-US,0,,
127,61,12/22/2022,"Terry, Katrina",,,,,,,,1,1,1,2,Staff,"Terry, Katrina",41778279549,1,40137425532,40137425532                              `,"Terry, Katrina",1,,138,,1,,,Whispering Pines,ID,83020,Whispering Pines,ID,83020,TRUE,TRUE,TRUE,FALSE,en-US,0,,
128,61,10/06/2023,"Calhoun, Kelly",Industry Advisors,Partner,,,,,,1,1,1,2,Staff,"Calhoun, Kelly",75924819972,1,28025681277,28025681277                              `,"Calhoun, Kelly",1,,142,,1,,,Frostpeak,ID,84660,Frostpeak,ID,84660,TRUE,TRUE,TRUE,FALSE,en-US,0,,
129,61,11/20/2023,"Pearson, Jessica",Industry Advisors,Associate,,,,,2;,1,1,1,2,Staff,"Pearson, Jessica",34353901601,1,55007998410,55007998410                              `,"Pearson, Jessica",1,,143,,1,,,Mount Vista,ID,84070,Mount Vista,ID,84070,TRUE,TRUE,TRUE,FALSE,en-US,0,,
132,61,10/03/2023,"Adams, Rhiannon",Industry Advisors,Staff,,,,,2;,1,1,1,2,Staff,"Adams, Rhiannon",94063110827,1,11745425714,11745425714                              `,"Adams, Rhiannon",1,,148,,1,,,Whispering Pines,ID,83310,Whispering Pines,ID,83310,TRUE,TRUE,TRUE,FALSE,en-US,0,,
134,61,04/26/2023,"Cantrell, Rihanna",Industry Advisors,Staff Member,,,,,,1,1,1,2,Staff,"Cantrell, Rihanna",62558432454,1,56958045443,56958045443                              `,"Cantrell, Rihanna",1,,80,,2,,,Crystal Lake,WA,83190,Crystal Lake,WA,83190,TRUE,TRUE,TRUE,FALSE,en-US,0,,
136,61,01/06/2021,"Guzman, Eve",Industry Advisors,Manager,,,,,,1,1,1,2,Staff,"Guzman, Eve",65179332814,1,38695413509,38695413509                              `,"Guzman, Eve",1,,26,,1,,,Whispering Pines,ID,83310,Whispering Pines,ID,83310,TRUE,TRUE,TRUE,FALSE,en-US,0,,
137,61,05/03/2023,"Harrell, Mustafa",Industry Advisors,Staff Member,,,,,2;,1,1,1,2,Staff,"Harrell, Mustafa",35864582111,1,18474378137,18474378137                              `,"Harrell, Mustafa",1,,112,,1,,,Emerald Meadows,ID,84750,Emerald Meadows,ID,84750,TRUE,TRUE,TRUE,FALSE,en-US,0,,
139,61,01/02/2020,"Mclean, Florence",Industry Advisors,Manager,,,,,,1,1,1,2,Staff,"Mclean, Florence",81503836324,1,85306095641,85306095641                              `,"Mclean, Florence",1,,22,,1,,,Riverwood,ID,83020,Riverwood,ID,83020,TRUE,TRUE,TRUE,FALSE,en-US,0,,
140,61,05/03/2023,"Gillespie, Annika",Industry Advisors,Associate,,,,,,1,1,1,2,Staff,"Gillespie, Annika",49610734764,1,51767601586,51767601586                              `,"Gillespie, Annika",1,,125,,1,,,Frostpeak,ID,83020,Frostpeak,ID,83020,TRUE,TRUE,TRUE,FALSE,en-US,0,,
144,61,02/21/2024,"Wang, Daisy",,,,,,,,1,1,1,2,Staff,"Wang, Daisy",82294852763,1,17423211847,17423211847                              `,"Wang, Daisy",1,,97,,3,,,Pacifica Bluffs,OR,83420,Pacifica Bluffs,OR,83420,TRUE,TRUE,TRUE,FALSE,en-US,0,,
146,61,05/03/2023,"Phillips, Amanda",,,,,,,,1,1,1,2,Staff,"Phillips, Amanda",47748638668,1,48692170017,48692170017                              `,"Phillips, Amanda",1,,132,,1,,,Frostpeak,ID,84070,Frostpeak,ID,84070,TRUE,TRUE,TRUE,FALSE,en-US,0,,
148,61,12/31/2018,"Johnston, Ruben",Industry Advisors,Manager,,,,,,1,1,1,2,Staff,"Johnston, Ruben",24191384493,1,81304933330,81304933330                              `,"Johnston, Ruben",1,,16,,2,,,Crystal Lake,WA,83190,Crystal Lake,WA,83190,TRUE,TRUE,TRUE,FALSE,en-US,0,,
150,61,05/09/2022,"Whitehead, Edie",,,,,,,,1,1,1,2,Staff,"Whitehead, Edie",58206098818,1,76216682002,76216682002                              `,"Whitehead, Edie",1,,39,,1,,,Mount Vista,ID,84750,Mount Vista,ID,84750,TRUE,TRUE,TRUE,FALSE,en-US,0,,
151,61,05/03/2023,"Levy, Leonie",Industry Advisors,Partner,,,,,,1,1,1,2,Staff,"Levy, Leonie",25061374537,1,57612419566,57612419566                              `,"Levy, Leonie",1,,118,,1,,,Riverwood,ID,83020,Riverwood,ID,83020,TRUE,TRUE,TRUE,FALSE,en-US,0,,
153,61,05/26/2022,"Bean, Elmer",,,,,,,,1,1,1,2,Staff,"Bean, Elmer",18852186369,1,60030191108,60030191108                              `,"Bean, Elmer",1,,37,,1,,,Riverwood,ID,84750,Riverwood,ID,84750,TRUE,TRUE,TRUE,FALSE,en-US,0,,
155,61,04/29/2020,"Harmon, Cecily",Industry Advisors,Staff,,,,,2;,1,1,1,2,Staff,"Harmon, Cecily",35839257865,1,20167675085,20167675085                              `,"Harmon, Cecily",1,,20,,3,,,Pacifica Bluffs,OR,83420,Pacifica Bluffs,OR,83420,TRUE,TRUE,TRUE,FALSE,en-US,0,,
160,61,04/26/2023,"Harrison, Lennox",Industry Advisors,Staff Member,,,,,,1,1,1,2,Staff,"Harrison, Lennox",42962572418,1,75380431891,75380431891                              `,"Harrison, Lennox",1,,136,,1,,,Mount Vista,ID,83310,Mount Vista,ID,83310,TRUE,TRUE,TRUE,FALSE,en-US,0,,
164,61,11/29/2022,"Fischer, Conrad",,,,,,,,1,1,1,2,Staff,"Fischer, Conrad",69278882440,1,99828626646,99828626646                              `,"Fischer, Conrad",1,,42,,1,,,Riverwood,ID,84750,Riverwood,ID,84750,TRUE,TRUE,TRUE,FALSE,en-US,0,,
165,61,12/22/2022,"Rose, Laila",,,,,,,,1,1,1,2,Staff,"Rose, Laila",92550196750,1,82215256690,82215256690                              `,"Rose, Laila",1,,139,,1,,,Mount Vista,ID,83310,Mount Vista,ID,83310,TRUE,TRUE,TRUE,FALSE,en-US,0,,
166,61,08/03/2023,"Holloway, Lorenzo",,,,,,,,1,1,1,2,Staff,"Holloway, Lorenzo",95930040964,1,36022922570,36022922570                              `,"Holloway, Lorenzo",1,,140,,1,,,Riverwood,ID,83020,Riverwood,ID,83020,TRUE,TRUE,TRUE,FALSE,en-US,0,,
167,61,04/26/2023,"Petersen, Keisha",,,,,,,,1,1,1,2,Staff,"Petersen, Keisha",10637332980,1,85665786917,85665786917                              `,"Petersen, Keisha",1,,127,,1,,,Mount Vista,ID,83020,Mount Vista,ID,83020,TRUE,TRUE,TRUE,FALSE,en-US,0,,
168,61,04/26/2023,"Harris, Zohaib",,,,,,,,1,1,1,2,Staff,"Harris, Zohaib",56677800283,1,64083821552,64083821552                              `,"Harris, Zohaib",1,,98,,1,,,Mount Vista,ID,83310,Mount Vista,ID,83310,TRUE,TRUE,TRUE,FALSE,en-US,0,,
170,61,07/11/2023,"Romero, Sulayman",Industry Advisors,Associate,,,,,,1,1,1,2,Staff,"Romero, Sulayman",75674315876,1,59511190270,59511190270                              `,"Romero, Sulayman",1,,146,,1,,,Whispering Pines,ID,84660,Whispering Pines,ID,84660,TRUE,TRUE,TRUE,FALSE,en-US,0,,
171,61,01/06/2021,"Le, Alistair",,,,,,,,1,1,1,2,Staff,"Le, Alistair",17756964385,1,10645895898,10645895898                              `,"Le, Alistair",1,,25,,1,,,Whispering Pines,ID,84660,Whispering Pines,ID,84660,TRUE,TRUE,TRUE,FALSE,en-US,0,,
172,61,04/26/2023,"Hahn, Theresa",Industry Advisors,Staff,,,,,,1,1,1,2,Staff,"Hahn, Theresa",61126410751,1,87815227252,87815227252                              `,"Hahn, Theresa",1,,121,,1,,,Riverwood,ID,84070,Riverwood,ID,84070,TRUE,TRUE,TRUE,FALSE,en-US,0,,
173,61,04/05/2023,"Small, Alfie",Industry Advisors,Staff,,,,,,1,1,1,2,Staff,"Small, Alfie",98173055712,1,27641896135,27641896135                              `,"Small, Alfie",1,,119,,1,,,Emerald Meadows,ID,84070,Emerald Meadows,ID,84070,TRUE,TRUE,TRUE,FALSE,en-US,0,,
174,61,02/14/2022,"Singh, Amanda",,,,,,,2;,1,1,1,2,Staff,"Singh, Amanda",44605404862,1,81122669327,81122669327                              `,"Singh, Amanda",1,,65,,1,,,Frostpeak,ID,83310,Frostpeak,ID,83310,TRUE,TRUE,TRUE,FALSE,en-US,0,,
175,61,04/05/2023,"Hunt, Tia",Industry Advisors,Partner,,,,,,1,1,1,2,Staff,"Hunt, Tia",26435544727,1,50631224353,50631224353                              `,"Hunt, Tia",1,,122,,1,,,Mount Vista,ID,84660,Mount Vista,ID,84660,TRUE,TRUE,TRUE,FALSE,en-US,0,,
176,61,04/26/2023,"Shields, Lorcan",Industry Advisors,Manager,,,,,,1,1,1,2,Staff,"Shields, Lorcan",99851143936,1,46203889296,46203889296                              `,"Shields, Lorcan",1,,28,,1,,,Frostpeak,ID,83020,Frostpeak,ID,83020,TRUE,TRUE,TRUE,FALSE,en-US,0,,
178,61,06/22/2023,"Knight, Finnley",,,,,,,,1,1,1,2,Staff,"Knight, Finnley",11643313809,1,79794620602,79794620602                              `,"Knight, Finnley",1,,145,,1,,,Frostpeak,ID,84750,Frostpeak,ID,84750,TRUE,TRUE,TRUE,FALSE,en-US,0,,
181,61,12/28/2023,"Boyd, Annabel",Industry Advisors,Staff Member,,,,,,1,1,1,2,Staff,"Boyd, Annabel",25455307366,1,81578856783,81578856783                              `,"Boyd, Annabel",1,,152,,1,,,Mount Vista,ID,84750,Mount Vista,ID,84750,TRUE,TRUE,TRUE,FALSE,en-US,0,,
186,61,04/25/2022,"Gibbons, Elsie",,,,,,,,1,1,1,2,Staff,"Gibbons, Elsie",98712136903,1,19906777764,19906777764                              `,"Gibbons, Elsie",1,,30,,1,,,Whispering Pines,ID,84070,Whispering Pines,ID,84070,TRUE,TRUE,TRUE,FALSE,en-US,0,,
192,61,12/19/2023,"Leonard, Hazel",,,,,,,,1,1,1,2,Staff,"Leonard, Hazel",11843717692,1,56802601430,56802601430                              `,"Leonard, Hazel",1,,46,,1,,,Mount Vista,ID,84070,Mount Vista,ID,84070,TRUE,TRUE,TRUE,FALSE,en-US,0,,
193,61,12/28/2023,"Mcknight, Michael",Industry Advisors,Staff Member,,,,,,1,1,1,2,Staff,"Mcknight, Michael",76432130419,1,74055617563,74055617563                              `,"Mcknight, Michael",1,,151,,2,,,Crystal Lake,WA,83190,Crystal Lake,WA,83190,TRUE,TRUE,TRUE,FALSE,en-US,0,,
194,61,05/03/2023,"Beasley, Maison",,,,,,,,1,1,1,2,Staff,"Beasley, Maison",23619305177,1,75812224859,75812224859                              `,"Beasley, Maison",1,,137,,1,,,Mount Vista,ID,84070,Mount Vista,ID,84070,TRUE,TRUE,TRUE,FALSE,en-US,0,,
196,61,05/03/2023,"Mercado, Fraser",,,,,,,,1,1,1,2,Staff,"Mercado, Fraser",39374544886,1,24467914763,24467914763                              `,"Mercado, Fraser",1,,134,,1,,,Whispering Pines,ID,83310,Whispering Pines,ID,83310,TRUE,TRUE,TRUE,FALSE,en-US,0,,
197,61,12/22/2022,"Murray, Zuzanna",,,,,,,,1,1,1,2,Staff,"Murray, Zuzanna",50529123629,1,14765211977,14765211977                              `,"Murray, Zuzanna",1,,100,,1,,,Emerald Meadows,ID,83310,Emerald Meadows,ID,83310,TRUE,TRUE,TRUE,FALSE,en-US,0,,
199,61,08/12/2022,"Bonner, Juanita",Industry Advisors,Partner,,,,,2;,1,1,1,2,Staff,"Bonner, Juanita",62010105484,1,90840712992,90840712992                              `,"Bonner, Juanita",1,,33,,2,,,Crystal Lake,WA,83190,Crystal Lake,WA,83190,TRUE,TRUE,TRUE,FALSE,en-US,0,,
200,61,12/27/2021,"Soto, Demi-Leigh",Industry Advisors,Staff,,,,,,1,1,1,2,Staff,"Soto, Demi-Leigh",70623059273,1,25597522928,25597522928                              `,"Soto, Demi-Leigh",1,,34,,2,,,Crystal Lake,WA,83190,Crystal Lake,WA,83190,TRUE,TRUE,TRUE,FALSE,en-US,0,,
202,61,12/28/2023,"Snyder, Violet",Industry Advisors,Staff Member,,,,,,1,1,1,2,Staff,"Snyder, Violet",99894546385,1,47423733780,47423733780                              `,"Snyder, Violet",1,,153,,3,,,Pacifica Bluffs,OR,83420,Pacifica Bluffs,OR,83420,TRUE,TRUE,TRUE,FALSE,en-US,0,,
206,61,12/28/2023,"Parker, Herman",,,,,,,,1,1,1,2,Staff,"Parker, Herman",77806064248,1,81135889335,81135889335                              `,"Parker, Herman",1,,149,,2,,,Crystal Lake,WA,83190,Crystal Lake,WA,83190,TRUE,TRUE,TRUE,FALSE,en-US,0,,
208,61,05/03/2023,"Robertson, Anne",,,,,,,,1,1,1,2,Staff,"Robertson, Anne",34686866487,1,39000579113,39000579113                              `,"Robertson, Anne",1,,141,,1,,,Mount Vista,ID,83310,Mount Vista,ID,83310,TRUE,TRUE,TRUE,FALSE,en-US,0,,
214,61,05/03/2023,"Colon, Malachi",Industry Advisors,Staff Member,,,,,,1,1,1,2,Staff,"Colon, Malachi",43103018627,1,77052827836,77052827836                              `,"Colon, Malachi",1,,96,,1,,,Emerald Meadows,ID,83310,Emerald Meadows,ID,83310,TRUE,TRUE,TRUE,FALSE,en-US,0,,
218,61,05/03/2023,"Phelps, Adele",,,,,,,,1,1,1,2,Staff,"Phelps, Adele",47963932805,1,17452711360,17452711360                              `,"Phelps, Adele",1,,63,,1,,,Riverwood,ID,83310,Riverwood,ID,83310,TRUE,TRUE,TRUE,FALSE,en-US,0,,
219,61,04/05/2023,"Frost, Nikita",,,,,,,2;,1,1,1,2,Staff,"Frost, Nikita",31558713785,1,86081711709,86081711709                              `,"Frost, Nikita",1,,102,,1,,,Frostpeak,ID,83020,Frostpeak,ID,83020,TRUE,TRUE,TRUE,FALSE,en-US,0,,
220,61,04/13/2021,"Ayers, Ismail",Industry Advisors,Manager,,,,,,1,1,1,2,Staff,"Ayers, Ismail",79698892280,1,90229932060,90229932060                              `,"Ayers, Ismail",1,,29,,1,,,Riverwood,ID,84750,Riverwood,ID,84750,TRUE,TRUE,TRUE,FALSE,en-US,0,,
222,61,03/09/2021,"Valentine, Angel",,,,,,,,1,1,1,2,Staff,"Valentine, Angel",39684903998,1,37709870199,37709870199                              `,"Valentine, Angel",1,,24,,1,,,Mount Vista,ID,83020,Mount Vista,ID,83020,TRUE,TRUE,TRUE,FALSE,en-US,0,,
226,61,05/28/2013,"Haas, Alexia",Industry Advisors,Manager,,,,,,1,1,1,2,Staff,"Haas, Alexia",52564760278,1,83443909486,83443909486                              `,"Haas, Alexia",1,,95,,1,,,Riverwood,ID,83310,Riverwood,ID,83310,TRUE,TRUE,TRUE,FALSE,en-US,0,,
227,61,12/08/2014,"Potts, Homer",Industry Advisors,Staff,,,,,2;,1,1,1,2,Staff,"Potts, Homer",96225021586,1,14745414921,14745414921                              `,"Potts, Homer",1,,6,,1,,,Whispering Pines,ID,84070,Whispering Pines,ID,84070,TRUE,TRUE,TRUE,FALSE,en-US,0,,
235,61,07/28/2021,"Brock, Laurie",Industry Advisors,Partner,,,,,,1,1,1,2,Staff,"Brock, Laurie",99281299135,1,88033652539,88033652539                              `,"Brock, Laurie",1,,113,,1,,,Frostpeak,ID,83020,Frostpeak,ID,83020,TRUE,TRUE,TRUE,FALSE,en-US,0,,
236,61,11/22/2016,"Todd, Salma",Industry Advisors,Associate,,,,,,1,1,1,2,Staff,"Todd, Salma",88184731589,1,67630197641,67630197641                              `,"Todd, Salma",1,,4,,1,,,Riverwood,ID,83020,Riverwood,ID,83020,TRUE,TRUE,TRUE,FALSE,en-US,0,,
241,61,12/23/2022,"Elliott, Alisa",Industry Advisors,Manager,,,,,,1,1,1,2,Staff,"Elliott, Alisa",46013520541,1,51913138171,51913138171                              `,"Elliott, Alisa",1,,44,,1,,,Mount Vista,ID,84750,Mount Vista,ID,84750,TRUE,TRUE,TRUE,FALSE,en-US,0,,
244,61,02/10/2023,"Haines, Sam",Industry Advisors,Partner,,,,,2;,1,1,1,2,Staff,"Haines, Sam",26686415332,1,75091987131,75091987131                              `,"Haines, Sam",1,,31,,1,,,Whispering Pines,ID,84750,Whispering Pines,ID,84750,TRUE,TRUE,TRUE,FALSE,en-US,0,,
245,61,12/08/2014,"Krueger, Rita",,,,,,,,1,1,1,2,Staff,"Krueger, Rita",23416489900,1,20959962835,20959962835                              `,"Krueger, Rita",1,,5,,1,,,Whispering Pines,ID,84750,Whispering Pines,ID,84750,TRUE,TRUE,TRUE,FALSE,en-US,0,,
246,61,02/12/2015,"Hopkins, Lewys",,,,,,,,1,1,1,2,Staff,"Hopkins, Lewys",31986847538,1,53107638005,53107638005                              `,"Hopkins, Lewys",1,,7,,1,,,Mount Vista,ID,83020,Mount Vista,ID,83020,TRUE,TRUE,TRUE,FALSE,en-US,0,,
247,61,01/03/2019,"Russell, Keenan",Industry Advisors,Manager,,,,,,1,1,1,2,Staff,"Russell, Keenan",30220346662,1,24077313959,24077313959                              `,"Russell, Keenan",1,,18,,1,,,Riverwood,ID,84070,Riverwood,ID,84070,TRUE,TRUE,TRUE,FALSE,en-US,0,,
251,61,01/17/2014,"Barker, Ayrton",Industry Advisors,Partner,,,,,,1,1,1,2,Staff,"Barker, Ayrton",63478724617,1,43788091094,43788091094                              `,"Barker, Ayrton",1,,49,,1,,,Mount Vista,ID,84070,Mount Vista,ID,84070,TRUE,TRUE,TRUE,FALSE,en-US,0,,
253,61,12/08/2014,"Jennings, Sydney",Industry Advisors,Staff,,,,,,1,1,1,2,Staff,"Jennings, Sydney",80702647158,1,16035556258,16035556258                              `,"Jennings, Sydney",1,,53,,1,,,Emerald Meadows,ID,83310,Emerald Meadows,ID,83310,TRUE,TRUE,TRUE,FALSE,en-US,0,,
254,61,12/22/2023,"Rios, Sara",,,,,,,,1,1,1,2,Staff,"Rios, Sara",91690858288,1,25279002392,25279002392                              `,"Rios, Sara",1,,103,,1,,,Frostpeak,ID,84660,Frostpeak,ID,84660,TRUE,TRUE,TRUE,FALSE,en-US,0,,
255,61,01/14/2017,"Mcbride, Bonnie",,,,,,,2;,1,1,1,2,Staff,"Mcbride, Bonnie",94951819787,1,76075517957,76075517957                              `,"Mcbride, Bonnie",1,,8,,1,,,Emerald Meadows,ID,84750,Emerald Meadows,ID,84750,TRUE,TRUE,TRUE,FALSE,en-US,0,,
256,61,05/03/2023,"Neal, Hamza",,,,,,,,1,1,1,2,Staff,"Neal, Hamza",39941602831,1,30655234685,30655234685                              `,"Neal, Hamza",1,,123,,1,,,Frostpeak,ID,84750,Frostpeak,ID,84750,TRUE,TRUE,TRUE,FALSE,en-US,0,,
259,61,04/15/2020,"Ochoa, Kaine",Industry Advisors,Associate,,,,,,1,1,1,2,Staff,"Ochoa, Kaine",29764221931,1,30211991421,30211991421                              `,"Ochoa, Kaine",1,,23,,1,,,Mount Vista,ID,84070,Mount Vista,ID,84070,TRUE,TRUE,TRUE,FALSE,en-US,0,,
266,61,07/02/2021,"Gillespie, Cai",Industry Advisors,Associate,,,,,,1,1,1,2,Staff,"Gillespie, Cai",10765093965,1,48868991158,48868991158                              `,"Gillespie, Cai",1,,90,,1,,,Riverwood,ID,84660,Riverwood,ID,84660,TRUE,TRUE,TRUE,FALSE,en-US,0,,
269,61,03/31/2023,"Dorsey, Freddie",,,,,,,,1,1,1,2,Staff,"Dorsey, Freddie",73806340640,1,44980333196,44980333196                              `,"Dorsey, Freddie",1,,43,,1,,,Frostpeak,ID,84750,Frostpeak,ID,84750,TRUE,TRUE,TRUE,FALSE,en-US,0,,
270,61,03/15/2022,"Tanner, Cynthia",,,,,,,,1,1,1,2,Staff,"Tanner, Cynthia",42827572957,1,45489414786,45489414786                              `,"Tanner, Cynthia",1,,126,,3,,,Pacifica Bluffs,OR,83420,Pacifica Bluffs,OR,83420,TRUE,TRUE,TRUE,FALSE,en-US,0,,
280,61,01/21/2016,"Roberts, Junaid",Industry Advisors,Staff Member,,,7;4;2;5;6;3;7;,,,1,1,1,2,Staff,"Roberts, Junaid",23363467171,1,18675023944,18675023944                              `,"Roberts, Junaid",1,,50,,1,,,Riverwood,ID,84750,Riverwood,ID,84750,TRUE,TRUE,TRUE,FALSE,en-US,0,,
284,61,04/26/2023,"Campos, Ciara",,,,,7;4;2;5;6;3;7;,,,1,1,1,2,Staff,"Campos, Ciara",50303322078,1,33612119572,33612119572                              `,"Campos, Ciara",1,,87,,1,,,Riverwood,ID,83020,Riverwood,ID,83020,TRUE,TRUE,TRUE,FALSE,en-US,0,,
303,61,05/03/2023,"Hess, Helen",,,,,1;7;2;5;6;3;7;,,,1,1,1,2,Staff,"Hess, Helen",45863398120,1,46270255708,46270255708                              `,"Hess, Helen",1,,117,,1,,,Frostpeak,ID,84660,Frostpeak,ID,84660,TRUE,TRUE,TRUE,FALSE,en-US,0,,
304,61,04/26/2023,"House, Tessa",Industry Advisors,Manager,,,1;4;7;5;6;3;7;,,2;,1,1,1,2,Staff,"House, Tessa",13348215120,1,47677447164,47677447164                              `,"House, Tessa",1,,105,,1,,,Riverwood,ID,84750,Riverwood,ID,84750,TRUE,TRUE,TRUE,FALSE,en-US,0,,
306,61,05/03/2023,"Pham, Guy",Industry Advisors,Staff,,,1;7;6;5;6;3;7;,,,1,1,1,2,Staff,"Pham, Guy",58418285385,1,11278320621,11278320621                              `,"Pham, Guy",1,,10,,1,,,Whispering Pines,ID,84070,Whispering Pines,ID,84070,TRUE,TRUE,TRUE,FALSE,en-US,0,,
307,61,09/15/2022,"Townsend, Rhonda",,,,,1;7;2;5;6;3;7;,,,1,1,1,2,Staff,"Townsend, Rhonda",98988784008,1,51829591634,51829591634                              `,"Townsend, Rhonda",1,,15,,2,,,Crystal Lake,WA,83190,Crystal Lake,WA,83190,TRUE,TRUE,TRUE,FALSE,en-US,0,,
309,61,02/21/2024,"Murphy, Asia",Industry Advisors,Partner,,,4;7;1;2;3;5;6;,,,1,1,1,2,Staff,"Murphy, Asia",86317155915,1,81063871677,81063871677                              `,"Murphy, Asia",1,,92,,1,,,Mount Vista,ID,84660,Mount Vista,ID,84660,TRUE,TRUE,TRUE,FALSE,en-US,0,,
311,61,02/21/2024,"Nicholson, Maximilian",,,,,4;7;5;2;3;5;6;,,,1,1,1,2,Staff,"Nicholson, Maximilian",56693351805,1,32233803198,32233803198                              `,"Nicholson, Maximilian",1,,68,,1,,,Riverwood,ID,84750,Riverwood,ID,84750,TRUE,TRUE,TRUE,FALSE,en-US,0,,
312,61,05/03/2023,"Craig, Angelina",Industry Advisors,Partner,,,4;7;1;5;3;5;6;,,,1,1,1,2,Staff,"Craig, Angelina",44963605735,1,88304918099,88304918099                              `,"Craig, Angelina",1,,1,,1,,,Frostpeak,ID,83020,Frostpeak,ID,83020,TRUE,TRUE,TRUE,FALSE,en-US,0,,
315,61,09/15/2022,"Cook, Milo",Industry Advisors,Partner,,,4;5;1;2;3;5;6;,,,1,1,1,2,Staff,"Cook, Milo",70747388276,1,16804738056,16804738056                              `,"Cook, Milo",1,,70,,1,,,Emerald Meadows,ID,83020,Emerald Meadows,ID,83020,TRUE,TRUE,TRUE,FALSE,en-US,0,,
316,61,09/15/2022,"Gentry, Isobel",Industry Advisors,Staff Member,,,4;7;1;5;3;5;6;,,,1,1,1,2,Staff,"Gentry, Isobel",77424645367,1,20778436488,20778436488                              `,"Gentry, Isobel",1,,74,,1,,,Mount Vista,ID,84070,Mount Vista,ID,84070,TRUE,TRUE,TRUE,FALSE,en-US,0,,
317,61,04/26/2023,"Lozano, Sinead",Industry Advisors,Staff,,,4;7;1;5;3;5;6;,,,1,1,1,2,Staff,"Lozano, Sinead",31867595986,1,17797131612,17797131612                              `,"Lozano, Sinead",1,,101,,1,,,Frostpeak,ID,84750,Frostpeak,ID,84750,TRUE,TRUE,TRUE,FALSE,en-US,0,,
318,61,04/05/2023,"Lowe, Otis",,,,,4;7;1;2;3;5;6;,,,1,1,1,2,Staff,"Lowe, Otis",75210474583,1,49372980792,49372980792                              `,"Lowe, Otis",1,,94,,2,,,Crystal Lake,WA,83190,Crystal Lake,WA,83190,TRUE,TRUE,TRUE,FALSE,en-US,0,,
322,61,01/04/2018,"Clarke, Ava-Rose",Industry Advisors,Staff Member,,,1;7;2;5;6;3;7;,,,1,1,1,2,Staff,"Clarke, Ava-Rose",83932039258,1,75634111611,75634111611                              `,"Clarke, Ava-Rose",1,,13,,1,,,Mount Vista,ID,84660,Mount Vista,ID,84660,TRUE,TRUE,TRUE,FALSE,en-US,0,,
323,61,11/25/2014,"Riley, Evangeline",Industry Advisors,Staff Member,,,4;1;2;3;5;6;7;,,,1,1,1,2,Staff,"Riley, Evangeline",32478832016,1,44595059227,44595059227                              `,"Riley, Evangeline",1,,52,,1,,,Emerald Meadows,ID,83310,Emerald Meadows,ID,83310,TRUE,TRUE,TRUE,FALSE,en-US,0,,
326,61,04/26/2023,"Davies, Kirsty",,,,,1;4;7;5;6;3;7;,,,1,1,1,2,Staff,"Davies, Kirsty",87334697764,1,73569884018,73569884018                              `,"Davies, Kirsty",1,,114,,2,,,Crystal Lake,WA,83190,Crystal Lake,WA,83190,TRUE,TRUE,TRUE,FALSE,en-US,0,,
327,61,04/26/2023,"Heath, Luis",,,,,1;7;2;5;6;3;7;,,,1,1,1,2,Staff,"Heath, Luis",21116871325,1,17341555203,17341555203                              `,"Heath, Luis",1,,84,,1,,,Whispering Pines,ID,83020,Whispering Pines,ID,83020,TRUE,TRUE,TRUE,FALSE,en-US,0,,
328,61,12/21/2016,"Nolan, Frazer",,,,,1;4;7;5;6;3;7;,,,1,1,1,2,Staff,"Nolan, Frazer",58963174209,1,16218216320,16218216320                              `,"Nolan, Frazer",1,,11,,1,,,Emerald Meadows,ID,83020,Emerald Meadows,ID,83020,TRUE,TRUE,TRUE,FALSE,en-US,0,,
329,61,12/22/2016,"Bartlett, Nicola",Industry Advisors,Partner,,,1;4;7;5;6;3;7;,,,1,1,1,2,Staff,"Bartlett, Nicola",27802051263,1,94031948077,94031948077                              `,"Bartlett, Nicola",1,,51,,1,,,Mount Vista,ID,84660,Mount Vista,ID,84660,TRUE,TRUE,TRUE,FALSE,en-US,0,,
332,61,09/15/2022,"Oneill, Rahim",Industry Advisors,Manager,,,4;7;5;2;3;5;6;,,,1,1,1,2,Staff,"Oneill, Rahim",61885670113,1,27968934949,27968934949                              `,"Oneill, Rahim",1,,69,,2,,,Crystal Lake,WA,83190,Crystal Lake,WA,83190,TRUE,TRUE,TRUE,FALSE,en-US,0,,
333,61,04/26/2023,"Clark, Lucia",,,,,4;5;2;3;5;6;7;,,,1,1,1,2,Staff,"Clark, Lucia",66876606827,1,36759261658,36759261658                              `,"Clark, Lucia",1,,73,,1,,,Whispering Pines,ID,84750,Whispering Pines,ID,84750,TRUE,TRUE,TRUE,FALSE,en-US,0,,
334,61,09/13/2022,"Jacobson, Bobby",Industry Advisors,Manager,,,4;7;2;5;5;6;7;,,,1,1,1,2,Staff,"Jacobson, Bobby",98609172700,1,28198986957,28198986957                              `,"Jacobson, Bobby",1,,72,,1,,,Whispering Pines,ID,83310,Whispering Pines,ID,83310,TRUE,TRUE,TRUE,FALSE,en-US,0,,
340,61,04/26/2023,"Lamb, Damian",Industry Advisors,Partner,,,4;1;2;5;5;6;7;,,,1,1,1,2,Staff,"Lamb, Damian",77749443623,1,11440048087,11440048087                              `,"Lamb, Damian",1,,2,,3,,,Pacifica Bluffs,OR,83420,Pacifica Bluffs,OR,83420,TRUE,TRUE,TRUE,FALSE,en-US,0,,
343,61,05/03/2023,"Mcgrath, Tamsin",Industry Advisors,Associate,,,4;1;2;5;5;6;7;,,,1,1,1,2,Staff,"Mcgrath, Tamsin",76061413982,1,77402774152,77402774152                              `,"Mcgrath, Tamsin",1,,93,,1,,,Mount Vista,ID,83310,Mount Vista,ID,83310,TRUE,TRUE,TRUE,FALSE,en-US,0,,
346,61,04/26/2023,"Dillon, Hugh",,,,,1;7;2;5;6;3;7;,,,1,1,1,2,Staff,"Dillon, Hugh",27467590827,1,27087062340,27087062340                              `,"Dillon, Hugh",1,,83,,2,,,Crystal Lake,WA,83190,Crystal Lake,WA,83190,TRUE,TRUE,TRUE,FALSE,en-US,0,,
350,61,03/20/2015,"Savage, Ieuan",,,,,4;7;1;2;3;5;6;,,2;,1,1,1,2,Staff,"Savage, Ieuan",30547031970,1,23282262694,23282262694                              `,"Savage, Ieuan",1,,47,,1,,,Whispering Pines,ID,84070,Whispering Pines,ID,84070,TRUE,TRUE,TRUE,FALSE,en-US,0,,
351,61,11/25/2014,"Espinoza, Lottie",,,,,4;7;1;2;3;5;6;,,,1,1,1,2,Staff,"Espinoza, Lottie",37095638350,1,17580469961,17580469961                              `,"Espinoza, Lottie",1,,48,,1,,,Emerald Meadows,ID,84750,Emerald Meadows,ID,84750,TRUE,TRUE,TRUE,FALSE,en-US,0,,
353,61,04/05/2023,"Moss, Haleema",,,,,4;5;1;2;3;5;6;,,,1,1,1,2,Staff,"Moss, Haleema",55400492517,1,79231098942,79231098942                              `,"Moss, Haleema",1,,61,,1,,,Emerald Meadows,ID,84750,Emerald Meadows,ID,84750,TRUE,TRUE,TRUE,FALSE,en-US,0,,
355,61,02/21/2024,"Beasley, Anya",Industry Advisors,Staff Member,,,4;5;2;3;5;6;7;,,,1,1,1,2,Staff,"Beasley, Anya",90826356681,1,57249251722,57249251722                              `,"Beasley, Anya",1,,71,,1,,,Mount Vista,ID,84070,Mount Vista,ID,84070,TRUE,TRUE,TRUE,FALSE,en-US,0,,
356,61,02/21/2024,"Mccoy, Ridwan",Industry Advisors,Staff Member,,,4;7;1;2;3;5;6;,,,1,1,1,2,Staff,"Mccoy, Ridwan",65915233406,1,36658643460,36658643460                              `,"Mccoy, Ridwan",1,,75,,1,,,Emerald Meadows,ID,83310,Emerald Meadows,ID,83310,TRUE,TRUE,TRUE,FALSE,en-US,0,,
357,61,12/22/2023,"Hardin, Olly",Industry Advisors,Staff,,,4;7;5;2;3;5;6;,,,1,1,1,2,Staff,"Hardin, Olly",99066896476,1,31144097527,31144097527                              `,"Hardin, Olly",1,,79,,1,,,Mount Vista,ID,84750,Mount Vista,ID,84750,TRUE,TRUE,TRUE,FALSE,en-US,0,,
360,61,04/26/2023,"Luna, Maximus",,,,,1;7;2;5;6;3;7;,,,1,1,1,2,Staff,"Luna, Maximus",67375574637,1,73829347707,73829347707                              `,"Luna, Maximus",1,,85,,1,,,Riverwood,ID,84070,Riverwood,ID,84070,TRUE,TRUE,TRUE,FALSE,en-US,0,,
362,61,11/25/2014,"Richards, Cruz",Industry Advisors,Manager,,,1;7;2;5;6;3;7;,,,1,1,1,2,Staff,"Richards, Cruz",45341421213,1,31919767694,31919767694                              `,"Richards, Cruz",1,,62,,1,,,Mount Vista,ID,83020,Mount Vista,ID,83020,TRUE,TRUE,TRUE,FALSE,en-US,0,,
365,61,06/27/2016,"Levy, Leroy",Industry Advisors,Partner,,,1;4;7;5;6;3;7;,,,1,1,1,2,Staff,"Levy, Leroy",23210103270,1,14585826675,14585826675                              `,"Levy, Leroy",1,,58,,1,,,Whispering Pines,ID,84070,Whispering Pines,ID,84070,TRUE,TRUE,TRUE,FALSE,en-US,0,,
366,61,04/26/2023,"Henderson, Zainab",Industry Advisors,Partner,,,1;4;7;5;6;3;7;,,,1,1,1,2,Staff,"Henderson, Zainab",59194481852,1,34646515106,34646515106                              `,"Henderson, Zainab",1,,82,,1,,,Whispering Pines,ID,83020,Whispering Pines,ID,83020,TRUE,TRUE,TRUE,FALSE,en-US,0,,
367,61,12/21/2016,"Warren, Mckenzie",,,,,1;4;7;5;6;3;7;,,,1,1,1,2,Staff,"Warren, Mckenzie",80078031002,1,75616293526,75616293526                              `,"Warren, Mckenzie",1,,12,,1,,,Mount Vista,ID,83310,Mount Vista,ID,83310,TRUE,TRUE,TRUE,FALSE,en-US,0,,
368,61,05/03/2023,"Jarvis, Hafsah",Industry Advisors,Staff,,,1;7;2;5;6;3;7;,,,1,1,1,2,Staff,"Jarvis, Hafsah",18500938927,1,45455682174,45455682174                              `,"Jarvis, Hafsah",1,,106,,1,,,Mount Vista,ID,84660,Mount Vista,ID,84660,TRUE,TRUE,TRUE,FALSE,en-US,0,,
369,61,04/26/2023,"Buchanan, Diane",,,,,1;7;2;5;6;3;7;,,,1,1,1,2,Staff,"Buchanan, Diane",33004047942,1,94307132721,94307132721                              `,"Buchanan, Diane",1,,78,,2,,,Crystal Lake,WA,83190,Crystal Lake,WA,83190,TRUE,TRUE,TRUE,FALSE,en-US,0,,
371,61,04/26/2023,"Hartley, Jakub",Industry Advisors,Associate,,,1;5;7;4;6;3;7;,,,1,1,1,2,Staff,"Hartley, Jakub",75542530670,1,71319617472,71319617472                              `,"Hartley, Jakub",1,,81,,1,,,Whispering Pines,ID,83020,Whispering Pines,ID,83020,TRUE,TRUE,TRUE,FALSE,en-US,0,,
372,61,09/08/2016,"Fitzpatrick, Jonas",,,,,1;7;2;5;6;3;7;,,,1,1,1,2,Staff,"Fitzpatrick, Jonas",78573479760,1,43048457197,43048457197                              `,"Fitzpatrick, Jonas",1,,9,,1,,,Riverwood,ID,83020,Riverwood,ID,83020,TRUE,TRUE,TRUE,FALSE,en-US,0,,
374,61,12/21/2016,"Moran, Eric",,,,,1;4;7;5;6;3;7;,,,1,1,1,2,Staff,"Moran, Eric",48031401400,1,99113841800,99113841800                              `,"Moran, Eric",1,,59,,1,,,Mount Vista,ID,84660,Mount Vista,ID,84660,TRUE,TRUE,TRUE,FALSE,en-US,0,,
375,61,04/05/2023,"Mclean, Haydn",,,,,1;4;7;5;6;3;7;,,,1,1,1,2,Staff,"Mclean, Haydn",60869861962,1,93231593597,93231593597                              `,"Mclean, Haydn",1,,107,,1,,,Mount Vista,ID,84750,Mount Vista,ID,84750,TRUE,TRUE,TRUE,FALSE,en-US,0,,
376,61,09/13/2022,"Hudson, Alec",,,,,7;4;2;5;6;3;7;,,,1,1,1,2,Staff,"Hudson, Alec",72216052273,1,27521115679,27521115679                              `,"Hudson, Alec",1,,111,,1,,,Emerald Meadows,ID,84750,Emerald Meadows,ID,84750,TRUE,TRUE,TRUE,FALSE,en-US,0,,
378,61,09/15/2022,"Moon, Nikolas",,,,,1;7;2;5;6;3;7;,,,1,1,1,2,Staff,"Moon, Nikolas",76114634981,1,33774514780,33774514780                              `,"Moon, Nikolas",1,,108,,1,,,Emerald Meadows,ID,83020,Emerald Meadows,ID,83020,TRUE,TRUE,TRUE,FALSE,en-US,0,,
379,61,12/22/2023,"Garcia, Hermione",,,,,1;7;2;5;6;3;7;,,2;,1,1,1,2,Staff,"Garcia, Hermione",47665690185,1,77885666727,77885666727                              `,"Garcia, Hermione",1,,86,,1,,,Mount Vista,ID,84070,Mount Vista,ID,84070,TRUE,TRUE,TRUE,FALSE,en-US,0,,
381,61,09/15/2022,"Chapman, Beau",Industry Advisors,Associate,,,4;7;2;5;6;3;7;,,,1,1,1,2,Staff,"Chapman, Beau",54871785880,1,29412305925,29412305925                              `,"Chapman, Beau",1,,124,,1,,,Frostpeak,ID,84750,Frostpeak,ID,84750,TRUE,TRUE,TRUE,FALSE,en-US,0,,
383,61,06/06/2023,"Dennis, Carol",,,,,1;5;4;2;6;3;7;,,,1,1,1,2,Staff,"Dennis, Carol",34408265610,1,70741708411,70741708411                              `,"Dennis, Carol",1,,3,,2,,,Crystal Lake,WA,83190,Crystal Lake,WA,83190,TRUE,TRUE,TRUE,FALSE,en-US,0,,
384,61,02/01/2021,VistaVogue Outlets,,,,,,,,1,1,1,1,Client,VistaVogue Outlets,14847081740,1,43825934049,43825934049                              `,VistaVogue Outlets,1,14,,,,1,,Frostpeak,ID,84750,Frostpeak,ID,84750,TRUE,TRUE,TRUE,FALSE,en-US,0,,
385,61,02/16/2020,FutureFocus Group,,,,,1;2;7;3;4;5;6;,,,1,1,1,1,Client,FutureFocus Group,70881589199,1,94488193119,94488193119                              `,FutureFocus Group,1,26,,,,1,,Frostpeak,ID,84750,Frostpeak,ID,84750,TRUE,TRUE,TRUE,FALSE,en-US,0,,
387,61,08/31/2021,PrimePulse Accountancy,,,,,1;2;7;5;4;5;6;,,,1,1,1,1,Client,PrimePulse Accountancy,57455652829,1,29753071795,29753071795                              `,PrimePulse Accountancy,1,13,,,,1,,Frostpeak,ID,84750,Frostpeak,ID,84750,TRUE,TRUE,TRUE,FALSE,en-US,0,,
388,61,02/17/2020,ProsperPath Investments,,,,,1;2;3;4;5;6;7;,,,1,1,1,1,Client,ProsperPath Investments,18496638020,1,30405599404,30405599404                              `,ProsperPath Investments,1,12,,,,1,,Mount Vista,ID,83310,Mount Vista,ID,83310,TRUE,TRUE,TRUE,FALSE,en-US,0,,
389,61,06/27/2018,UnityVault Bank,,,,,1;2;3;4;5;6;7;,,,1,1,1,1,Client,UnityVault Bank,26327480657,1,88533550439,88533550439                              `,UnityVault Bank,1,2,,,,1,,Mount Vista,ID,83310,Mount Vista,ID,83310,TRUE,TRUE,TRUE,FALSE,en-US,0,,
